日期,类型,金额,账户,分类,备注,收款方,付款方式,订单号,商家订单号
2026-07-01,支出,32.5,支付宝,餐饮,午餐 麦当劳,麦当劳(金拱门),支付宝,ORDER-C-001,M-C-001
2026-07-02,支出,28,微信,餐饮,午餐 星巴克,Starbucks,微信支付,ORDER-C-002,M-C-002
2026-07-03,支出,4,微信,交通,地铁通勤,地铁,微信支付,ORDER-C-003,M-C-003
2026-07-05,支出,88,支付宝,餐饮,晚餐 火锅,海底捞火锅,支付宝,ORDER-C-004,M-C-004
2026-07-08,支出,199,支付宝,购物,球鞋,某运动旗舰店,支付宝,ORDER-C-005,M-C-005
2026-07-10,支出,30,支付宝,娱乐,云盘会员,某云盘超级会员,支付宝,ORDER-C-006,M-C-006
2026-07-12,支出,12,支付宝,餐饮,早餐 生煎,某某生煎,支付宝,ORDER-C-007,M-C-007
2026-07-15,支出,3200,银行卡,居住,房租,房租·王房东,银行卡,ORDER-C-008,M-C-008
2026-07-18,支出,8800,信用卡,购物,疑似大额,某境外网站,信用卡,ORDER-C-999,M-C-999
2026-07-20,支出,150,微信,居住,水电,国网电费,微信支付,ORDER-C-009,M-C-009
2026-07-25,支出,45,微信,娱乐,电影票,某影院,微信支付,ORDER-C-010,M-C-010
2026-07-15,收入,15000,银行卡,工资,工资,公司,银行代发,PAY-C-001,C1
2026-07-25,收入,500,银行卡,奖金,季度奖金,公司,银行代发,PAY-C-002,C2
2026-07-02,转账,2000,银行卡, ,转零钱,,银行转账,T-C-001,
2026-07-10,借出,1000,现金, ,借给朋友,张三,现金,,